CREATE DATABASE Banca
go
USE Banca
GO

CREATE TABLE [dbo].[CarteCredito](
	[NumeroCarta] [int] NOT NULL,
	[CodiceFiscale] [varchar](16) NOT NULL,
	[Tipologia] [varchar](30) NOT NULL,
	[Circuito] [varchar](30) NOT NULL,
	[Saldo] [decimal](18, 2) NOT NULL,
	[Valuta] [varchar](3) NOT NULL
)
GO
CREATE TABLE [dbo].[Clienti](
	[CodiceFiscale] [varchar](16) NOT NULL,
	[Nome] [varchar](50) NOT NULL,
	[Cognome] [varchar](50) NOT NULL,
	[Eta] [varchar](50) NULL,
	[Residenza] [varchar](50) NOT NULL,
	[Impiego] [varchar](50) NOT NULL) 
GO
CREATE TABLE [dbo].[ClientiContiCorrenti](
	[CodiceFiscale] [varchar](16) NOT NULL,
	[NumeroConto] [int] NOT NULL)
GO
CREATE TABLE [dbo].[ContiCorrenti](
	[NumeroConto] [int] NOT NULL,
	[Saldo] [decimal](18, 2) NOT NULL,
	[Valuta] [varchar](3) NOT NULL,
	[DataApertura] [date] NOT NULL,
	[DataChiusura] [date] NULL) 
GO
INSERT [dbo].[CarteCredito] ([NumeroCarta], [CodiceFiscale], [Tipologia], [Circuito], [Saldo], [Valuta]) VALUES (N'1', N'SRDLZQ40M58A184Y', N'Credito', N'Visa', CAST(12.13 AS Decimal(18, 4)), N'EUR')
INSERT [dbo].[CarteCredito] ([NumeroCarta], [CodiceFiscale], [Tipologia], [Circuito], [Saldo], [Valuta]) VALUES (N'10', N'CDPKXR28E62A973B', N'Prepagata', N'Visa', CAST(41.20 AS Decimal(18, 4)), N'EUR')
INSERT [dbo].[CarteCredito] ([NumeroCarta], [CodiceFiscale], [Tipologia], [Circuito], [Saldo], [Valuta]) VALUES (N'11', N'RQMNHF29T53I482R', N'Bancomat', N'Visa', CAST(12.13 AS Decimal(18, 4)), N'USD')
INSERT [dbo].[CarteCredito] ([NumeroCarta], [CodiceFiscale], [Tipologia], [Circuito], [Saldo], [Valuta]) VALUES (N'12', N'VRNVVF88A50B646H', N'Bancomat', N'Mastercard', CAST(26.12 AS Decimal(18, 4)), N'EUR')
INSERT [dbo].[CarteCredito] ([NumeroCarta], [CodiceFiscale], [Tipologia], [Circuito], [Saldo], [Valuta]) VALUES (N'13', N'TRRNZN61A46F853F', N'Credito', N'Visa', CAST(12.13 AS Decimal(18, 4)), N'EUR')
INSERT [dbo].[CarteCredito] ([NumeroCarta], [CodiceFiscale], [Tipologia], [Circuito], [Saldo], [Valuta]) VALUES (N'14', N'BHLVVR64R64F635E', N'Bancomat', N'Visa', CAST(53.10 AS Decimal(18, 4)), N'EUR')
INSERT [dbo].[CarteCredito] ([NumeroCarta], [CodiceFiscale], [Tipologia], [Circuito], [Saldo], [Valuta]) VALUES (N'15', N'MXXHRR88A02A895O', N'Bancomat', N'Visa', CAST(12.13 AS Decimal(18, 4)), N'EUR')
INSERT [dbo].[CarteCredito] ([NumeroCarta], [CodiceFiscale], [Tipologia], [Circuito], [Saldo], [Valuta]) VALUES (N'16', N'RVRKTO80T64G614O', N'Credito', N'Mastercard', CAST(12.99 AS Decimal(18, 4)), N'EUR')
INSERT [dbo].[CarteCredito] ([NumeroCarta], [CodiceFiscale], [Tipologia], [Circuito], [Saldo], [Valuta]) VALUES (N'17', N'TYRSGR84A43B866O', N'Prepagata', N'Visa', CAST(24.12 AS Decimal(18, 4)), N'EUR')
INSERT [dbo].[CarteCredito] ([NumeroCarta], [CodiceFiscale], [Tipologia], [Circuito], [Saldo], [Valuta]) VALUES (N'18', N'RARKXR28E62A963B', N'Prepagata', N'Mastercard', CAST(23.53 AS Decimal(18, 4)), N'EUR')
INSERT [dbo].[CarteCredito] ([NumeroCarta], [CodiceFiscale], [Tipologia], [Circuito], [Saldo], [Valuta]) VALUES (N'2', N'JHLTTS66P17H911Y', N'Credito', N'Visa', CAST(26.12 AS Decimal(18, 4)), N'EUR')
INSERT [dbo].[CarteCredito] ([NumeroCarta], [CodiceFiscale], [Tipologia], [Circuito], [Saldo], [Valuta]) VALUES (N'3', N'RQMNHF29T53I482T', N'Credito', N'Visa', CAST(24.12 AS Decimal(18, 4)), N'EUR')
INSERT [dbo].[CarteCredito] ([NumeroCarta], [CodiceFiscale], [Tipologia], [Circuito], [Saldo], [Valuta]) VALUES (N'4', N'VCNVVF88A50B646H', N'Credito', N'Visa', CAST(98.12 AS Decimal(18, 4)), N'EUR')
INSERT [dbo].[CarteCredito] ([NumeroCarta], [CodiceFiscale], [Tipologia], [Circuito], [Saldo], [Valuta]) VALUES (N'5', N'TPPNZN61D47F853F', N'Bancomat', N'Mastercard', CAST(72.10 AS Decimal(18, 4)), N'USD')
INSERT [dbo].[CarteCredito] ([NumeroCarta], [CodiceFiscale], [Tipologia], [Circuito], [Saldo], [Valuta]) VALUES (N'6', N'BHLVVP64C64F735E', N'Bancomat', N'Visa', CAST(12.13 AS Decimal(18, 4)), N'EUR')
INSERT [dbo].[CarteCredito] ([NumeroCarta], [CodiceFiscale], [Tipologia], [Circuito], [Saldo], [Valuta]) VALUES (N'7', N'MXXHPR88A02D895O', N'Credito', N'Visa', CAST(26.12 AS Decimal(18, 4)), N'EUR')
INSERT [dbo].[CarteCredito] ([NumeroCarta], [CodiceFiscale], [Tipologia], [Circuito], [Saldo], [Valuta]) VALUES (N'8', N'PVPKTO80T64G614O', N'Prepagata', N'Visa', CAST(24.12 AS Decimal(18, 4)), N'EUR')
INSERT [dbo].[CarteCredito] ([NumeroCarta], [CodiceFiscale], [Tipologia], [Circuito], [Saldo], [Valuta]) VALUES (N'9', N'TYRSGP84A43B866O', N'Prepagata', N'Mastercard', CAST(98.12 AS Decimal(18, 4)), N'EUR')
INSERT [dbo].[Clienti] ([CodiceFiscale], [Nome], [Cognome], [Eta], [Residenza], [Impiego]) VALUES (N'AWNNLZ36R05E168T', N'Giovanni', N'Verdi', N'45', N'Puglia', N'Impiegato')
INSERT [dbo].[Clienti] ([CodiceFiscale], [Nome], [Cognome], [Eta], [Residenza], [Impiego]) VALUES (N'BHLVVP64C64F735E', N'Alice', N'Gianni', N'34', N'Sicilia', N'Dirigente')
INSERT [dbo].[Clienti] ([CodiceFiscale], [Nome], [Cognome], [Eta], [Residenza], [Impiego]) VALUES (N'BHLVVR64R64F635E', N'Cristina', N'Gianni', N'56', N'Lombardia', N'Preside')
INSERT [dbo].[Clienti] ([CodiceFiscale], [Nome], [Cognome], [Eta], [Residenza], [Impiego]) VALUES (N'CDPKXR28E62A973B', N'Grazia', N'Fabrizi', N'59', N'Toscana', N'Disoccupato')
INSERT [dbo].[Clienti] ([CodiceFiscale], [Nome], [Cognome], [Eta], [Residenza], [Impiego]) VALUES (N'CodiceFiscale', N'Nome', N'Cognome', N'Eta', N'Residenza', N'Impiego')
INSERT [dbo].[Clienti] ([CodiceFiscale], [Nome], [Cognome], [Eta], [Residenza], [Impiego]) VALUES (N'DWNNLZ36P05E168T', N'Maria', N'Verdi', N'54', N'Toscana', N'Dirigente')
INSERT [dbo].[Clienti] ([CodiceFiscale], [Nome], [Cognome], [Eta], [Residenza], [Impiego]) VALUES (N'FLTXCI58H51E295S', N'Mike', N'Moratti', N'36', N'Toscana', N'Professore')
INSERT [dbo].[Clienti] ([CodiceFiscale], [Nome], [Cognome], [Eta], [Residenza], [Impiego]) VALUES (N'FLTXRI58H51E295S', N'Mino', N'Moratti', N'56', N'Lombardia', N'Commerciante')
INSERT [dbo].[Clienti] ([CodiceFiscale], [Nome], [Cognome], [Eta], [Residenza], [Impiego]) VALUES (N'GMCGYC77C17D591G', N'Nicola', N'Motta', N'66', N'Toscana', N'Calciatore')
INSERT [dbo].[Clienti] ([CodiceFiscale], [Nome], [Cognome], [Eta], [Residenza], [Impiego]) VALUES (N'GMRGYR66R16A591X', N'Luigi', N'Motta', N'36', N'Puglia', N'Preside')
INSERT [dbo].[Clienti] ([CodiceFiscale], [Nome], [Cognome], [Eta], [Residenza], [Impiego]) VALUES (N'JHLTTS66P17H911Y', N'Nicola', N'Verdi', N'54', N'Lazio', N'Impiegato')
INSERT [dbo].[Clienti] ([CodiceFiscale], [Nome], [Cognome], [Eta], [Residenza], [Impiego]) VALUES (N'JHLTTS66R16H911W', N'Francesco', N'Verdi', N'67', N'Piemonte', N'Disoccupato')
INSERT [dbo].[Clienti] ([CodiceFiscale], [Nome], [Cognome], [Eta], [Residenza], [Impiego]) VALUES (N'JTTSNC68A45G196J', N'Giuseppe', N'Bianchi', N'31', N'Toscana', N'Preside')
INSERT [dbo].[Clienti] ([CodiceFiscale], [Nome], [Cognome], [Eta], [Residenza], [Impiego]) VALUES (N'JTTSNR68A45G196J', N'Maria', N'Bianchi', N'51', N'Puglia', N'Calciatore')
INSERT [dbo].[Clienti] ([CodiceFiscale], [Nome], [Cognome], [Eta], [Residenza], [Impiego]) VALUES (N'KATNTH80H51A264L', N'Nello', N'Marino', N'60', N'Puglia', N'Disoccupato')
INSERT [dbo].[Clienti] ([CodiceFiscale], [Nome], [Cognome], [Eta], [Residenza], [Impiego]) VALUES (N'KDTNTH80H51A274L', N'Francesco', N'Marino', N'34', N'Toscana', N'Calciatore')
INSERT [dbo].[Clienti] ([CodiceFiscale], [Nome], [Cognome], [Eta], [Residenza], [Impiego]) VALUES (N'LTTLTT63P56Z327R', N'Giovanni', N'Rossi', N'34', N'Toscana', N'Commerciante')
INSERT [dbo].[Clienti] ([CodiceFiscale], [Nome], [Cognome], [Eta], [Residenza], [Impiego]) VALUES (N'LTTLTT63R56Z326R', N'Seth', N'Rossi', N'46', N'Puglia', N'Muratore')
INSERT [dbo].[Clienti] ([CodiceFiscale], [Nome], [Cognome], [Eta], [Residenza], [Impiego]) VALUES (N'MCGTBC98M31H102O', N'Scott', N'Fabrizi', N'48', N'Toscana', N'Commerciante')
INSERT [dbo].[Clienti] ([CodiceFiscale], [Nome], [Cognome], [Eta], [Residenza], [Impiego]) VALUES (N'MRGTBR98M31H102S', N'Maria', N'Fabrizi', N'65', N'Puglia', N'Muratore')
INSERT [dbo].[Clienti] ([CodiceFiscale], [Nome], [Cognome], [Eta], [Residenza], [Impiego]) VALUES (N'MRZQAR66R16A281I', N'Giovanni', N'Gianni', N'36', N'Lombardia', N'Calciatore')
INSERT [dbo].[Clienti] ([CodiceFiscale], [Nome], [Cognome], [Eta], [Residenza], [Impiego]) VALUES (N'MRZQDC66P17A281I', N'Giovanni', N'Gianni', N'45', N'Toscana', N'Disoccupato')
INSERT [dbo].[Clienti] ([CodiceFiscale], [Nome], [Cognome], [Eta], [Residenza], [Impiego]) VALUES (N'MXXHPR88A02D895O', N'Fabrizio', N'Fabrizi', N'40', N'Sicilia', N'Calciatore')
INSERT [dbo].[Clienti] ([CodiceFiscale], [Nome], [Cognome], [Eta], [Residenza], [Impiego]) VALUES (N'MXXHRR88A02A895O', N'Pino', N'Fabrizi', N'57', N'Lombardia', N'Professore')
INSERT [dbo].[Clienti] ([CodiceFiscale], [Nome], [Cognome], [Eta], [Residenza], [Impiego]) VALUES (N'PVPKTO80T64G614O', N'Irene', N'Motta', N'31', N'Sicilia', N'Impiegato')
INSERT [dbo].[Clienti] ([CodiceFiscale], [Nome], [Cognome], [Eta], [Residenza], [Impiego]) VALUES (N'RARKXR28E62A963B', N'Frank', N'Fabrizi', N'63', N'Puglia', N'Dirigente')
INSERT [dbo].[Clienti] ([CodiceFiscale], [Nome], [Cognome], [Eta], [Residenza], [Impiego]) VALUES (N'RQMNHF29T53I482R', N'Franca', N'Bianchi', N'44', N'Piemonte', N'Commerciante')
INSERT [dbo].[Clienti] ([CodiceFiscale], [Nome], [Cognome], [Eta], [Residenza], [Impiego]) VALUES (N'RQMNHF29T53I482T', N'Giovanni', N'Bianchi', N'50', N'Lazio', N'Calciatore')
INSERT [dbo].[Clienti] ([CodiceFiscale], [Nome], [Cognome], [Eta], [Residenza], [Impiego]) VALUES (N'RVRKTO80T64G614O', N'Vera', N'Motta', N'57', N'Lombardia', N'Disoccupato')
INSERT [dbo].[Clienti] ([CodiceFiscale], [Nome], [Cognome], [Eta], [Residenza], [Impiego]) VALUES (N'SRALZQ40M58A184Q', N'Giovanni', N'Rossi', N'67', N'Piemonte', N'Preside')
INSERT [dbo].[Clienti] ([CodiceFiscale], [Nome], [Cognome], [Eta], [Residenza], [Impiego]) VALUES (N'SRDLZQ40M58A184Y', N'Fabrizio', N'Rossi', N'20', N'Lazio', N'Muratore')
INSERT [dbo].[Clienti] ([CodiceFiscale], [Nome], [Cognome], [Eta], [Residenza], [Impiego]) VALUES (N'TPPNZN61D47F853F', N'Giovanna', N'Moratti', N'61', N'Sicilia', N'Commerciante')
INSERT [dbo].[Clienti] ([CodiceFiscale], [Nome], [Cognome], [Eta], [Residenza], [Impiego]) VALUES (N'TRRNZN61A46F853F', N'Marina', N'Moratti', N'39', N'Lombardia', N'Muratore')
INSERT [dbo].[Clienti] ([CodiceFiscale], [Nome], [Cognome], [Eta], [Residenza], [Impiego]) VALUES (N'TYRSGP84A43B866O', N'Maria', N'Paoli', N'40', N'Sicilia', N'Preside')
INSERT [dbo].[Clienti] ([CodiceFiscale], [Nome], [Cognome], [Eta], [Residenza], [Impiego]) VALUES (N'TYRSGR84A43B866O', N'Milo', N'Paoli', N'42', N'Lombardia', N'Commerciante')
INSERT [dbo].[Clienti] ([CodiceFiscale], [Nome], [Cognome], [Eta], [Residenza], [Impiego]) VALUES (N'VCNVVF88A50B646H', N'Marco', N'Marino', N'53', N'Lazio', N'Preside')
INSERT [dbo].[Clienti] ([CodiceFiscale], [Nome], [Cognome], [Eta], [Residenza], [Impiego]) VALUES (N'VLFPHZ48R03L844K', N'Fabio', N'Paoli', N'43', N'Toscana', N'Muratore')
INSERT [dbo].[Clienti] ([CodiceFiscale], [Nome], [Cognome], [Eta], [Residenza], [Impiego]) VALUES (N'VLFRHZ48R03L844R', N'Mario', N'Paoli', N'66', N'Toscana', N'Calciatore')
INSERT [dbo].[Clienti] ([CodiceFiscale], [Nome], [Cognome], [Eta], [Residenza], [Impiego]) VALUES (N'VRNVVF88A50B646H', N'Maria', N'Marino', N'40', N'Piemonte', N'Dirigente')
INSERT [dbo].[Clienti] ([CodiceFiscale], [Nome], [Cognome], [Eta], [Residenza], [Impiego]) VALUES (N'XJSRSX66B16A956L', N'Fabrizio', N'Fabrizi', N'49', N'Piemonte', N'Impiegato')
INSERT [dbo].[Clienti] ([CodiceFiscale], [Nome], [Cognome], [Eta], [Residenza], [Impiego]) VALUES (N'XJSRSX66B16A956V', N'Maria', N'Fabrizi', N'58', N'Toscana', N'Preside')
INSERT [dbo].[ClientiContiCorrenti] ([CodiceFiscale], [NumeroConto]) VALUES (N'AWNNLZ36R05E168T', N'32')
INSERT [dbo].[ClientiContiCorrenti] ([CodiceFiscale], [NumeroConto]) VALUES (N'BHLVVP64C64F735E', N'6')
INSERT [dbo].[ClientiContiCorrenti] ([CodiceFiscale], [NumeroConto]) VALUES (N'BHLVVR64R64F635E', N'26')
INSERT [dbo].[ClientiContiCorrenti] ([CodiceFiscale], [NumeroConto]) VALUES (N'BHLVVR64R64F635E', N'36')
INSERT [dbo].[ClientiContiCorrenti] ([CodiceFiscale], [NumeroConto]) VALUES (N'CDPKXR28E62A973B', N'10')
INSERT [dbo].[ClientiContiCorrenti] ([CodiceFiscale], [NumeroConto]) VALUES (N'DWNNLZ36P05E168T', N'12')
INSERT [dbo].[ClientiContiCorrenti] ([CodiceFiscale], [NumeroConto]) VALUES (N'FLTXCI58H51E295S', N'15')
INSERT [dbo].[ClientiContiCorrenti] ([CodiceFiscale], [NumeroConto]) VALUES (N'GMCGYC77C17D591G', N'18')
INSERT [dbo].[ClientiContiCorrenti] ([CodiceFiscale], [NumeroConto]) VALUES (N'JHLTTS66P17H911Y', N'1')
INSERT [dbo].[ClientiContiCorrenti] ([CodiceFiscale], [NumeroConto]) VALUES (N'JHLTTS66P17H911Y', N'2')
INSERT [dbo].[ClientiContiCorrenti] ([CodiceFiscale], [NumeroConto]) VALUES (N'JHLTTS66R16H911W', N'22')
INSERT [dbo].[ClientiContiCorrenti] ([CodiceFiscale], [NumeroConto]) VALUES (N'JTTSNC68A45G196J', N'13')
INSERT [dbo].[ClientiContiCorrenti] ([CodiceFiscale], [NumeroConto]) VALUES (N'JTTSNR68A45G196J', N'33')
INSERT [dbo].[ClientiContiCorrenti] ([CodiceFiscale], [NumeroConto]) VALUES (N'JTTSNR68A45G196J', N'34')
INSERT [dbo].[ClientiContiCorrenti] ([CodiceFiscale], [NumeroConto]) VALUES (N'KDTNTH80H51A274L', N'14')
INSERT [dbo].[ClientiContiCorrenti] ([CodiceFiscale], [NumeroConto]) VALUES (N'LTTLTT63P56Z327R', N'11')
INSERT [dbo].[ClientiContiCorrenti] ([CodiceFiscale], [NumeroConto]) VALUES (N'LTTLTT63P56Z327R', N'12')
INSERT [dbo].[ClientiContiCorrenti] ([CodiceFiscale], [NumeroConto]) VALUES (N'LTTLTT63R56Z326R', N'31')
INSERT [dbo].[ClientiContiCorrenti] ([CodiceFiscale], [NumeroConto]) VALUES (N'LTTLTT63R56Z326R', N'41')
INSERT [dbo].[ClientiContiCorrenti] ([CodiceFiscale], [NumeroConto]) VALUES (N'MCGTBC98M31H102O', N'17')
INSERT [dbo].[ClientiContiCorrenti] ([CodiceFiscale], [NumeroConto]) VALUES (N'MRZQDC66P17A281I', N'16')
INSERT [dbo].[ClientiContiCorrenti] ([CodiceFiscale], [NumeroConto]) VALUES (N'MXXHPR88A02D895O', N'7')
INSERT [dbo].[ClientiContiCorrenti] ([CodiceFiscale], [NumeroConto]) VALUES (N'MXXHRR88A02A895O', N'27')
INSERT [dbo].[ClientiContiCorrenti] ([CodiceFiscale], [NumeroConto]) VALUES (N'MXXHRR88A02A895O', N'37')
INSERT [dbo].[ClientiContiCorrenti] ([CodiceFiscale], [NumeroConto]) VALUES (N'PVPKTO80T64G614O', N'8')
INSERT [dbo].[ClientiContiCorrenti] ([CodiceFiscale], [NumeroConto]) VALUES (N'RARKXR28E62A963B', N'30')
INSERT [dbo].[ClientiContiCorrenti] ([CodiceFiscale], [NumeroConto]) VALUES (N'RARKXR28E62A963B', N'40')
INSERT [dbo].[ClientiContiCorrenti] ([CodiceFiscale], [NumeroConto]) VALUES (N'RQMNHF29T53I482R', N'23')
INSERT [dbo].[ClientiContiCorrenti] ([CodiceFiscale], [NumeroConto]) VALUES (N'RQMNHF29T53I482T', N'3')
INSERT [dbo].[ClientiContiCorrenti] ([CodiceFiscale], [NumeroConto]) VALUES (N'RVRKTO80T64G614O', N'28')
INSERT [dbo].[ClientiContiCorrenti] ([CodiceFiscale], [NumeroConto]) VALUES (N'RVRKTO80T64G614O', N'38')
INSERT [dbo].[ClientiContiCorrenti] ([CodiceFiscale], [NumeroConto]) VALUES (N'SRALZQ40M58A184Q', N'21')
INSERT [dbo].[ClientiContiCorrenti] ([CodiceFiscale], [NumeroConto]) VALUES (N'SRDLZQ40M58A184Y', N'1')
INSERT [dbo].[ClientiContiCorrenti] ([CodiceFiscale], [NumeroConto]) VALUES (N'TPPNZN61D47F853F', N'5')
INSERT [dbo].[ClientiContiCorrenti] ([CodiceFiscale], [NumeroConto]) VALUES (N'TRRNZN61A46F853F', N'23')
INSERT [dbo].[ClientiContiCorrenti] ([CodiceFiscale], [NumeroConto]) VALUES (N'TRRNZN61A46F853F', N'25')
INSERT [dbo].[ClientiContiCorrenti] ([CodiceFiscale], [NumeroConto]) VALUES (N'TRRNZN61A46F853F', N'35')
INSERT [dbo].[ClientiContiCorrenti] ([CodiceFiscale], [NumeroConto]) VALUES (N'TYRSGP84A43B866O', N'9')
INSERT [dbo].[ClientiContiCorrenti] ([CodiceFiscale], [NumeroConto]) VALUES (N'TYRSGR84A43B866O', N'29')
INSERT [dbo].[ClientiContiCorrenti] ([CodiceFiscale], [NumeroConto]) VALUES (N'TYRSGR84A43B866O', N'39')
INSERT [dbo].[ClientiContiCorrenti] ([CodiceFiscale], [NumeroConto]) VALUES (N'VCNVVF88A50B646H', N'4')
INSERT [dbo].[ClientiContiCorrenti] ([CodiceFiscale], [NumeroConto]) VALUES (N'VLFPHZ48R03L844K', N'19')
INSERT [dbo].[ClientiContiCorrenti] ([CodiceFiscale], [NumeroConto]) VALUES (N'VRNVVF88A50B646H', N'23')
INSERT [dbo].[ClientiContiCorrenti] ([CodiceFiscale], [NumeroConto]) VALUES (N'VRNVVF88A50B646H', N'24')
INSERT [dbo].[ClientiContiCorrenti] ([CodiceFiscale], [NumeroConto]) VALUES (N'VRNVVF88A50B646H', N'34')
INSERT [dbo].[ClientiContiCorrenti] ([CodiceFiscale], [NumeroConto]) VALUES (N'XJSRSX66B16A956L', N'20')
INSERT [dbo].[ContiCorrenti] ([NumeroConto], [Saldo], [Valuta], [DataApertura], [DataChiusura]) VALUES (N'1', CAST(1000.12 AS Decimal(18, 4)), N'EUR', CAST(N'2018-10-10T00:00:00.000' AS DateTime), NULL)
INSERT [dbo].[ContiCorrenti] ([NumeroConto], [Saldo], [Valuta], [DataApertura], [DataChiusura]) VALUES (N'10', CAST(4001.20 AS Decimal(18, 4)), N'EUR', CAST(N'2019-02-05T00:00:00.000' AS DateTime), CAST(N'2019-08-30T00:00:00.000' AS DateTime))
INSERT [dbo].[ContiCorrenti] ([NumeroConto], [Saldo], [Valuta], [DataApertura], [DataChiusura]) VALUES (N'11', CAST(412.50 AS Decimal(18, 4)), N'USD', CAST(N'2018-08-08T00:00:00.000' AS DateTime), NULL)
INSERT [dbo].[ContiCorrenti] ([NumeroConto], [Saldo], [Valuta], [DataApertura], [DataChiusura]) VALUES (N'12', CAST(55.10 AS Decimal(18, 4)), N'EUR', CAST(N'2019-12-04T00:00:00.000' AS DateTime), NULL)
INSERT [dbo].[ContiCorrenti] ([NumeroConto], [Saldo], [Valuta], [DataApertura], [DataChiusura]) VALUES (N'13', CAST(5672.20 AS Decimal(18, 4)), N'EUR', CAST(N'2018-09-04T00:00:00.000' AS DateTime), NULL)
INSERT [dbo].[ContiCorrenti] ([NumeroConto], [Saldo], [Valuta], [DataApertura], [DataChiusura]) VALUES (N'14', CAST(234.50 AS Decimal(18, 4)), N'EUR', CAST(N'2019-10-01T00:00:00.000' AS DateTime), NULL)
INSERT [dbo].[ContiCorrenti] ([NumeroConto], [Saldo], [Valuta], [DataApertura], [DataChiusura]) VALUES (N'15', CAST(12.40 AS Decimal(18, 4)), N'EUR', CAST(N'2018-02-05T00:00:00.000' AS DateTime), NULL)
INSERT [dbo].[ContiCorrenti] ([NumeroConto], [Saldo], [Valuta], [DataApertura], [DataChiusura]) VALUES (N'16', CAST(342.10 AS Decimal(18, 4)), N'EUR', CAST(N'2019-06-04T00:00:00.000' AS DateTime), NULL)
INSERT [dbo].[ContiCorrenti] ([NumeroConto], [Saldo], [Valuta], [DataApertura], [DataChiusura]) VALUES (N'17', CAST(1.40 AS Decimal(18, 4)), N'USD', CAST(N'2020-01-02T00:00:00.000' AS DateTime), NULL)
INSERT [dbo].[ContiCorrenti] ([NumeroConto], [Saldo], [Valuta], [DataApertura], [DataChiusura]) VALUES (N'18', CAST(643.23 AS Decimal(18, 4)), N'EUR', CAST(N'2019-02-05T00:00:00.000' AS DateTime), NULL)
INSERT [dbo].[ContiCorrenti] ([NumeroConto], [Saldo], [Valuta], [DataApertura], [DataChiusura]) VALUES (N'19', CAST(642.60 AS Decimal(18, 4)), N'EUR', CAST(N'2017-07-07T00:00:00.000' AS DateTime), NULL)
INSERT [dbo].[ContiCorrenti] ([NumeroConto], [Saldo], [Valuta], [DataApertura], [DataChiusura]) VALUES (N'2', CAST(1020.15 AS Decimal(18, 4)), N'EUR', CAST(N'2019-02-05T00:00:00.000' AS DateTime), NULL)
INSERT [dbo].[ContiCorrenti] ([NumeroConto], [Saldo], [Valuta], [DataApertura], [DataChiusura]) VALUES (N'20', CAST(123.40 AS Decimal(18, 4)), N'EUR', CAST(N'2019-12-04T00:00:00.000' AS DateTime), NULL)
INSERT [dbo].[ContiCorrenti] ([NumeroConto], [Saldo], [Valuta], [DataApertura], [DataChiusura]) VALUES (N'21', CAST(45.20 AS Decimal(18, 4)), N'USD', CAST(N'2019-12-03T00:00:00.000' AS DateTime), CAST(N'2020-12-03T00:00:00.000' AS DateTime))
INSERT [dbo].[ContiCorrenti] ([NumeroConto], [Saldo], [Valuta], [DataApertura], [DataChiusura]) VALUES (N'22', CAST(1000.12 AS Decimal(18, 4)), N'EUR', CAST(N'2019-10-01T00:00:00.000' AS DateTime), NULL)
INSERT [dbo].[ContiCorrenti] ([NumeroConto], [Saldo], [Valuta], [DataApertura], [DataChiusura]) VALUES (N'23', CAST(1020.15 AS Decimal(18, 4)), N'EUR', CAST(N'2017-02-06T00:00:00.000' AS DateTime), NULL)
INSERT [dbo].[ContiCorrenti] ([NumeroConto], [Saldo], [Valuta], [DataApertura], [DataChiusura]) VALUES (N'24', CAST(2014.65 AS Decimal(18, 4)), N'EUR', CAST(N'2019-06-04T00:00:00.000' AS DateTime), NULL)
INSERT [dbo].[ContiCorrenti] ([NumeroConto], [Saldo], [Valuta], [DataApertura], [DataChiusura]) VALUES (N'25', CAST(234.32 AS Decimal(18, 4)), N'EUR', CAST(N'2017-10-10T00:00:00.000' AS DateTime), CAST(N'2018-05-10T00:00:00.000' AS DateTime))
INSERT [dbo].[ContiCorrenti] ([NumeroConto], [Saldo], [Valuta], [DataApertura], [DataChiusura]) VALUES (N'26', CAST(512.31 AS Decimal(18, 4)), N'EUR', CAST(N'2019-02-06T00:00:00.000' AS DateTime), NULL)
INSERT [dbo].[ContiCorrenti] ([NumeroConto], [Saldo], [Valuta], [DataApertura], [DataChiusura]) VALUES (N'27', CAST(311.23 AS Decimal(18, 4)), N'EUR', CAST(N'2017-07-07T00:00:00.000' AS DateTime), NULL)
INSERT [dbo].[ContiCorrenti] ([NumeroConto], [Saldo], [Valuta], [DataApertura], [DataChiusura]) VALUES (N'28', CAST(341.32 AS Decimal(18, 4)), N'EUR', CAST(N'2019-12-04T00:00:00.000' AS DateTime), NULL)
INSERT [dbo].[ContiCorrenti] ([NumeroConto], [Saldo], [Valuta], [DataApertura], [DataChiusura]) VALUES (N'29', CAST(11.24 AS Decimal(18, 4)), N'EUR', CAST(N'2017-09-04T00:00:00.000' AS DateTime), NULL)
INSERT [dbo].[ContiCorrenti] ([NumeroConto], [Saldo], [Valuta], [DataApertura], [DataChiusura]) VALUES (N'3', CAST(2014.65 AS Decimal(18, 4)), N'EUR', CAST(N'2018-08-08T00:00:00.000' AS DateTime), NULL)
INSERT [dbo].[ContiCorrenti] ([NumeroConto], [Saldo], [Valuta], [DataApertura], [DataChiusura]) VALUES (N'30', CAST(992.21 AS Decimal(18, 4)), N'EUR', CAST(N'2017-10-10T00:00:00.000' AS DateTime), NULL)
INSERT [dbo].[ContiCorrenti] ([NumeroConto], [Saldo], [Valuta], [DataApertura], [DataChiusura]) VALUES (N'31', CAST(4001.20 AS Decimal(18, 4)), N'EUR', CAST(N'2019-02-06T00:00:00.000' AS DateTime), NULL)
INSERT [dbo].[ContiCorrenti] ([NumeroConto], [Saldo], [Valuta], [DataApertura], [DataChiusura]) VALUES (N'32', CAST(412.50 AS Decimal(18, 4)), N'EUR', CAST(N'2017-07-07T00:00:00.000' AS DateTime), NULL)
INSERT [dbo].[ContiCorrenti] ([NumeroConto], [Saldo], [Valuta], [DataApertura], [DataChiusura]) VALUES (N'33', CAST(55.10 AS Decimal(18, 4)), N'EUR', CAST(N'2019-12-04T00:00:00.000' AS DateTime), NULL)
INSERT [dbo].[ContiCorrenti] ([NumeroConto], [Saldo], [Valuta], [DataApertura], [DataChiusura]) VALUES (N'34', CAST(5672.20 AS Decimal(18, 4)), N'EUR', CAST(N'2017-09-04T00:00:00.000' AS DateTime), NULL)
INSERT [dbo].[ContiCorrenti] ([NumeroConto], [Saldo], [Valuta], [DataApertura], [DataChiusura]) VALUES (N'35', CAST(234.50 AS Decimal(18, 4)), N'EUR', CAST(N'2019-10-01T00:00:00.000' AS DateTime), NULL)
INSERT [dbo].[ContiCorrenti] ([NumeroConto], [Saldo], [Valuta], [DataApertura], [DataChiusura]) VALUES (N'36', CAST(12.40 AS Decimal(18, 4)), N'EUR', CAST(N'2017-02-06T00:00:00.000' AS DateTime), NULL)
INSERT [dbo].[ContiCorrenti] ([NumeroConto], [Saldo], [Valuta], [DataApertura], [DataChiusura]) VALUES (N'37', CAST(342.10 AS Decimal(18, 4)), N'EUR', CAST(N'2019-06-04T00:00:00.000' AS DateTime), NULL)
INSERT [dbo].[ContiCorrenti] ([NumeroConto], [Saldo], [Valuta], [DataApertura], [DataChiusura]) VALUES (N'38', CAST(1.40 AS Decimal(18, 4)), N'EUR', CAST(N'2017-10-10T00:00:00.000' AS DateTime), NULL)
INSERT [dbo].[ContiCorrenti] ([NumeroConto], [Saldo], [Valuta], [DataApertura], [DataChiusura]) VALUES (N'39', CAST(643.23 AS Decimal(18, 4)), N'EUR', CAST(N'2019-02-06T00:00:00.000' AS DateTime), NULL)
INSERT [dbo].[ContiCorrenti] ([NumeroConto], [Saldo], [Valuta], [DataApertura], [DataChiusura]) VALUES (N'4', CAST(234.32 AS Decimal(18, 4)), N'EUR', CAST(N'2019-12-04T00:00:00.000' AS DateTime), NULL)
INSERT [dbo].[ContiCorrenti] ([NumeroConto], [Saldo], [Valuta], [DataApertura], [DataChiusura]) VALUES (N'40', CAST(642.60 AS Decimal(18, 4)), N'EUR', CAST(N'2017-07-07T00:00:00.000' AS DateTime), CAST(N'2019-12-14T00:00:00.000' AS DateTime))
INSERT [dbo].[ContiCorrenti] ([NumeroConto], [Saldo], [Valuta], [DataApertura], [DataChiusura]) VALUES (N'5', CAST(512.31 AS Decimal(18, 4)), N'EUR', CAST(N'2018-09-04T00:00:00.000' AS DateTime), NULL)
INSERT [dbo].[ContiCorrenti] ([NumeroConto], [Saldo], [Valuta], [DataApertura], [DataChiusura]) VALUES (N'6', CAST(311.23 AS Decimal(18, 4)), N'EUR', CAST(N'2019-10-01T00:00:00.000' AS DateTime), NULL)
INSERT [dbo].[ContiCorrenti] ([NumeroConto], [Saldo], [Valuta], [DataApertura], [DataChiusura]) VALUES (N'7', CAST(341.32 AS Decimal(18, 4)), N'EUR', CAST(N'2018-02-05T00:00:00.000' AS DateTime), NULL)
INSERT [dbo].[ContiCorrenti] ([NumeroConto], [Saldo], [Valuta], [DataApertura], [DataChiusura]) VALUES (N'8', CAST(11.24 AS Decimal(18, 4)), N'EUR', CAST(N'2019-06-04T00:00:00.000' AS DateTime), NULL)
INSERT [dbo].[ContiCorrenti] ([NumeroConto], [Saldo], [Valuta], [DataApertura], [DataChiusura]) VALUES (N'9', CAST(992.21 AS Decimal(18, 4)), N'EUR', CAST(N'2018-10-10T00:00:00.000' AS DateTime), NULL)
